{
  "best_dev_f1": 0.6833333333333333,
  "test_f1": 0.656,
  "test_accuracy": 0.703862660944206,
  "test_coverage": 0.932,
  "total_iterations": 40,
  "active_lfs": 74,
  "total_generated": 129,
  "total_cost": 0,
  "f1_trajectory": [
    0.06666666666666667,
    0.10333333333333333,
    0.10666666666666667,
    0.10666666666666667,
    0.12,
    0.16,
    0.22,
    0.28,
    0.32666666666666666,
    0.36333333333333334,
    0.4,
    0.4,
    0.4033333333333333,
    0.44333333333333336,
    0.47,
    0.5166666666666667,
    0.5333333333333333,
    0.55,
    0.56,
    0.56,
    0.56,
    0.56,
    0.56,
    0.58,
    0.58,
    0.58,
    0.58,
    0.58,
    0.58,
    0.6033333333333334,
    0.6033333333333334,
    0.63,
    0.63,
    0.63,
    0.6533333333333333,
    0.6733333333333333,
    0.6833333333333333,
    0.6833333333333333,
    0.6833333333333333,
    0.6833333333333333
  ],
  "total_time_s": 1066.4384109973907
}